id,name,popularity,rating,genre,price
0,Game0,5/5,RP,Survival,59.99
1,Game1,2/5,E,Shooter,19.99
2,Game2,2/5,E10+,Survival,39.99
3,Game3,3/5,T,Racing,14.99
4,Game4,4/5,E,Shooter,69.99
5,Game5,4/5,M,Shooter,39.99
6,Game6,2/5,M,Strategy,69.99
7,Game7,4/5,M,Action,24.99
8,Game8,2/5,E,Survival,24.99
9,Game9,1/5,T,Sports,59.99
10,Game10,2/5,M,Fighting,24.99
11,Game11,5/5,M,RPG,59.99
12,Game12,5/5,T,Strategy,69.99
13,Game13,2/5,T,Action,24.99
14,Game14,4/5,M,Action,14.99
15,Game15,3/5,E10+,Fighting,14.99
16,Game16,1/5,E10+,Strategy,69.99
17,Game17,5/5,RP,Shooter,14.99
18,Game18,4/5,M,Action,14.99
19,Game19,5/5,RP,Adventure,69.99
20,Game20,4/5,M,Racing,69.99
21,Game21,3/5,T,Strategy,14.99
22,Game22,5/5,E,Racing,19.99
23,Game23,2/5,T,Strategy,24.99
24,Game24,5/5,E10+,Strategy,19.99
25,Game25,1/5,T,Fighting,29.99
26,Game26,2/5,T,Strategy,29.99
27,Game27,3/5,M,Action,39.99
28,Game28,2/5,E,Strategy,19.99
29,Game29,1/5,T,Sports,59.99
30,Game30,3/5,T,Shooter,29.99
31,Game31,2/5,T,Adventure,24.99
32,Game32,3/5,T,Adventure,69.99
33,Game33,3/5,T,Fighting,69.99
34,Game34,1/5,E10+,Shooter,69.99
35,Game35,3/5,RP,Fighting,59.99
36,Game36,1/5,E,Survival,14.99
37,Game37,1/5,RP,Survival,59.99
38,Game38,1/5,T,Racing,59.99
39,Game39,5/5,RP,Strategy,59.99
40,Game40,1/5,E10+,Action,39.99
41,Game41,3/5,RP,Shooter,59.99
42,Game42,5/5,E10+,Shooter,59.99
43,Game43,2/5,E10+,Adventure,69.99
44,Game44,2/5,E,Adventure,59.99
45,Game45,3/5,E,Fighting,39.99
46,Game46,2/5,M,RPG,14.99
47,Game47,1/5,T,Adventure,19.99
48,Game48,5/5,E,Shooter,59.99
49,Game49,2/5,T,Action,19.99
50,Game50,3/5,E,Shooter,69.99
51,Game51,5/5,RP,Strategy,24.99
52,Game52,4/5,E10+,RPG,24.99
53,Game53,2/5,T,Action,24.99
54,Game54,1/5,E,Racing,29.99
55,Game55,3/5,RP,Racing,29.99
56,Game56,2/5,E,Strategy,69.99
57,Game57,5/5,M,RPG,14.99
58,Game58,1/5,E10+,Sports,19.99
59,Game59,4/5,E,Shooter,24.99
60,Game60,5/5,RP,Survival,29.99
61,Game61,4/5,T,Adventure,19.99
62,Game62,1/5,M,RPG,19.99
63,Game63,5/5,M,Adventure,69.99
64,Game64,1/5,T,Racing,59.99
65,Game65,3/5,E,RPG,19.99
66,Game66,3/5,E10+,Survival,39.99
67,Game67,3/5,T,Fighting,14.99
68,Game68,1/5,RP,Strategy,19.99
69,Game69,1/5,M,Adventure,39.99
70,Game70,2/5,M,Survival,39.99
71,Game71,5/5,M,Shooter,59.99
72,Game72,2/5,T,Sports,19.99
73,Game73,3/5,E,RPG,69.99
74,Game74,1/5,M,Sports,59.99
75,Game75,5/5,M,Adventure,14.99
76,Game76,1/5,E10+,Action,39.99
77,Game77,2/5,E,Adventure,69.99
78,Game78,5/5,E10+,RPG,14.99
79,Game79,1/5,M,Fighting,19.99
80,Game80,4/5,E,Sports,59.99
81,Game81,2/5,T,RPG,14.99
82,Game82,1/5,RP,Racing,19.99
83,Game83,5/5,T,Racing,69.99
84,Game84,2/5,T,Sports,29.99
85,Game85,4/5,RP,Fighting,59.99
86,Game86,4/5,E10+,Strategy,14.99
87,Game87,5/5,E10+,Sports,29.99
88,Game88,4/5,T,Racing,29.99
89,Game89,2/5,RP,Shooter,59.99
90,Game90,4/5,RP,Sports,39.99
91,Game91,4/5,T,Fighting,29.99
92,Game92,1/5,RP,Shooter,59.99
93,Game93,3/5,E10+,Adventure,69.99
94,Game94,5/5,E,Strategy,14.99
95,Game95,2/5,E,Survival,24.99
96,Game96,4/5,M,RPG,59.99
97,Game97,2/5,M,Strategy,19.99
98,Game98,5/5,M,Sports,29.99
99,Game99,5/5,RP,Shooter,29.99
100,Game100,4/5,E,Adventure,39.99
101,Game101,4/5,RP,Strategy,14.99
102,Game102,3/5,RP,Strategy,59.99
103,Game103,4/5,T,Sports,29.99
104,Game104,2/5,T,Action,19.99
105,Game105,1/5,E10+,Sports,29.99
106,Game106,3/5,T,Sports,24.99
107,Game107,3/5,RP,Fighting,14.99
108,Game108,3/5,T,Racing,14.99
109,Game109,2/5,E10+,Action,59.99
110,Game110,5/5,M,Survival,14.99
111,Game111,3/5,T,Sports,19.99
112,Game112,1/5,M,Racing,59.99
113,Game113,3/5,M,Fighting,39.99
114,Game114,5/5,E10+,Fighting,24.99
115,Game115,5/5,M,Fighting,24.99
116,Game116,5/5,E10+,Adventure,19.99
117,Game117,2/5,M,Racing,14.99
118,Game118,2/5,RP,Survival,19.99
119,Game119,2/5,E,Sports,14.99
120,Game120,4/5,RP,Action,24.99
121,Game121,4/5,T,Shooter,69.99
122,Game122,1/5,E,Strategy,14.99
123,Game123,3/5,E,Sports,59.99
124,Game124,3/5,E,Fighting,19.99
125,Game125,3/5,E10+,Racing,59.99
126,Game126,4/5,RP,Racing,14.99
127,Game127,4/5,RP,Adventure,69.99
128,Game128,5/5,RP,RPG,39.99
129,Game129,3/5,T,Adventure,24.99
130,Game130,5/5,T,Fighting,29.99
131,Game131,1/5,T,Adventure,59.99
132,Game132,1/5,RP,Racing,59.99
133,Game133,3/5,RP,Action,24.99
134,Game134,3/5,T,Shooter,39.99
135,Game135,2/5,RP,Fighting,69.99
136,Game136,5/5,T,Racing,24.99
137,Game137,5/5,T,Action,29.99
138,Game138,4/5,E,Strategy,19.99
139,Game139,4/5,T,Survival,19.99
140,Game140,4/5,M,Action,39.99
141,Game141,4/5,T,RPG,24.99
142,Game142,5/5,E10+,Survival,19.99
143,Game143,3/5,E10+,Adventure,39.99
144,Game144,4/5,T,RPG,19.99
145,Game145,1/5,E10+,Adventure,24.99
146,Game146,4/5,E10+,RPG,24.99
147,Game147,4/5,E10+,RPG,69.99
148,Game148,1/5,E10+,Survival,39.99
149,Game149,1/5,T,RPG,19.99
150,Game150,2/5,M,Adventure,69.99
151,Game151,5/5,RP,Adventure,19.99
152,Game152,5/5,E,Shooter,14.99
153,Game153,1/5,T,Shooter,19.99
154,Game154,2/5,M,Racing,69.99
155,Game155,5/5,E,Survival,69.99
156,Game156,4/5,M,Action,69.99
157,Game157,1/5,E,Survival,19.99
158,Game158,1/5,T,RPG,14.99
159,Game159,4/5,E,Action,19.99
160,Game160,4/5,E,Shooter,29.99
161,Game161,2/5,T,Fighting,59.99
162,Game162,1/5,E10+,Shooter,14.99
163,Game163,4/5,T,Fighting,24.99
164,Game164,2/5,M,Survival,14.99
165,Game165,4/5,T,Shooter,59.99
166,Game166,3/5,T,Adventure,19.99
167,Game167,5/5,RP,Shooter,39.99
168,Game168,1/5,RP,Survival,14.99
169,Game169,3/5,RP,Strategy,39.99
170,Game170,5/5,E,Action,59.99
171,Game171,4/5,E,Racing,19.99
172,Game172,3/5,T,Adventure,24.99
173,Game173,5/5,T,Fighting,24.99
174,Game174,4/5,T,Shooter,24.99
175,Game175,1/5,E10+,Sports,39.99
176,Game176,4/5,RP,Fighting,69.99
177,Game177,5/5,E10+,Survival,39.99
178,Game178,4/5,M,Sports,69.99
179,Game179,2/5,E,Action,29.99
180,Game180,2/5,T,Fighting,29.99
181,Game181,1/5,M,Adventure,59.99
182,Game182,5/5,T,RPG,24.99
183,Game183,2/5,E10+,Racing,19.99
184,Game184,2/5,RP,Strategy,69.99
185,Game185,4/5,T,Survival,24.99
186,Game186,1/5,E,Sports,69.99
187,Game187,1/5,E,RPG,14.99
188,Game188,4/5,M,Strategy,39.99
189,Game189,2/5,RP,Adventure,59.99
190,Game190,1/5,T,Adventure,59.99
191,Game191,2/5,RP,Adventure,14.99
192,Game192,4/5,E10+,Adventure,29.99
193,Game193,3/5,E10+,Strategy,69.99
194,Game194,5/5,E10+,Fighting,29.99
195,Game195,2/5,E10+,Strategy,59.99
196,Game196,3/5,E,Racing,19.99
197,Game197,3/5,RP,Strategy,59.99
198,Game198,5/5,E10+,Shooter,69.99
199,Game199,5/5,RP,Racing,14.99
200,Game200,2/5,T,Fighting,19.99
201,Game201,3/5,T,Fighting,24.99
202,Game202,5/5,E10+,Adventure,69.99
203,Game203,3/5,E10+,Racing,24.99
204,Game204,4/5,T,Racing,19.99
205,Game205,4/5,T,Strategy,19.99
206,Game206,5/5,E10+,Survival,59.99
207,Game207,5/5,M,Sports,29.99
208,Game208,1/5,E10+,Survival,39.99
209,Game209,4/5,M,Action,29.99
210,Game210,4/5,M,Shooter,14.99
211,Game211,3/5,E10+,Sports,29.99
212,Game212,1/5,M,Adventure,39.99
213,Game213,3/5,RP,Sports,24.99
214,Game214,4/5,E,Shooter,14.99
215,Game215,5/5,RP,Shooter,14.99
216,Game216,2/5,RP,Survival,39.99
217,Game217,4/5,M,Strategy,19.99
218,Game218,1/5,M,Action,39.99
219,Game219,5/5,E,RPG,29.99
220,Game220,5/5,RP,Shooter,39.99
221,Game221,5/5,T,Sports,29.99
222,Game222,1/5,RP,Survival,69.99
223,Game223,4/5,RP,Racing,39.99
224,Game224,1/5,E,Racing,29.99
225,Game225,1/5,E,Racing,29.99
226,Game226,3/5,RP,Action,19.99
227,Game227,1/5,T,Survival,59.99
228,Game228,4/5,E10+,Survival,69.99
229,Game229,4/5,RP,Fighting,29.99
230,Game230,3/5,M,Shooter,24.99
231,Game231,2/5,T,Sports,69.99
232,Game232,4/5,T,Survival,29.99
233,Game233,3/5,E,RPG,39.99
234,Game234,1/5,E,Fighting,24.99
235,Game235,4/5,T,Action,39.99
236,Game236,4/5,RP,Action,59.99
237,Game237,4/5,E,Fighting,29.99
238,Game238,5/5,E10+,RPG,19.99
239,Game239,3/5,E,Strategy,29.99
240,Game240,4/5,M,Sports,59.99
241,Game241,2/5,T,Survival,24.99
242,Game242,1/5,E10+,Strategy,29.99
243,Game243,1/5,RP,Fighting,24.99
244,Game244,1/5,RP,Survival,29.99
245,Game245,2/5,RP,Strategy,69.99
246,Game246,1/5,RP,Fighting,29.99
247,Game247,4/5,RP,Sports,24.99
248,Game248,3/5,E,Racing,19.99
249,Game249,3/5,RP,Shooter,24.99
250,Game250,4/5,E,Fighting,39.99
251,Game251,5/5,RP,Sports,24.99
252,Game252,4/5,T,Survival,24.99
253,Game253,2/5,E,Fighting,39.99
254,Game254,1/5,E10+,Action,29.99
255,Game255,1/5,RP,RPG,29.99
256,Game256,5/5,E10+,Racing,69.99
257,Game257,5/5,E,Action,59.99
258,Game258,3/5,E10+,Shooter,24.99
259,Game259,1/5,RP,Adventure,29.99
260,Game260,3/5,E,Strategy,14.99
261,Game261,2/5,M,Sports,19.99
262,Game262,1/5,RP,Fighting,69.99
263,Game263,4/5,E,Action,24.99
264,Game264,2/5,E10+,Survival,59.99
265,Game265,1/5,E,Shooter,14.99
266,Game266,5/5,T,RPG,69.99
267,Game267,3/5,E,Strategy,69.99
268,Game268,5/5,E,Adventure,29.99
269,Game269,3/5,E,RPG,24.99
270,Game270,2/5,RP,Fighting,39.99
271,Game271,3/5,RP,Strategy,29.99
272,Game272,1/5,M,Action,39.99
273,Game273,5/5,RP,Shooter,69.99
274,Game274,5/5,RP,Survival,59.99
275,Game275,4/5,M,Adventure,24.99
276,Game276,5/5,E10+,Racing,14.99
277,Game277,4/5,T,Strategy,14.99
278,Game278,3/5,RP,Sports,19.99
279,Game279,4/5,M,RPG,19.99
280,Game280,4/5,E10+,Adventure,24.99
281,Game281,5/5,RP,RPG,14.99
282,Game282,2/5,E,Action,24.99
283,Game283,1/5,RP,Strategy,19.99
284,Game284,2/5,E,Strategy,39.99
285,Game285,1/5,E10+,Survival,19.99
286,Game286,5/5,M,Strategy,24.99
287,Game287,5/5,T,Sports,39.99
288,Game288,5/5,E,Fighting,19.99
289,Game289,5/5,E10+,Shooter,59.99
290,Game290,1/5,E,Sports,69.99
291,Game291,1/5,E10+,Survival,29.99
292,Game292,2/5,T,Sports,19.99
293,Game293,2/5,T,Racing,29.99
294,Game294,3/5,RP,Action,14.99
295,Game295,3/5,M,Fighting,24.99
296,Game296,4/5,E,Survival,69.99
297,Game297,4/5,E10+,Sports,24.99
298,Game298,5/5,M,Action,69.99
299,Game299,3/5,E10+,Strategy,69.99
300,Game300,3/5,E10+,Adventure,69.99
301,Game301,4/5,E10+,Adventure,59.99
302,Game302,1/5,E,Fighting,24.99
303,Game303,5/5,E,Action,29.99
304,Game304,5/5,E,Strategy,39.99
305,Game305,3/5,RP,Survival,39.99
306,Game306,3/5,M,Strategy,59.99
307,Game307,2/5,M,Strategy,24.99
308,Game308,4/5,T,Fighting,39.99
309,Game309,5/5,RP,Adventure,59.99
310,Game310,5/5,RP,Strategy,29.99
311,Game311,4/5,E10+,Strategy,69.99
312,Game312,4/5,M,Sports,19.99
313,Game313,4/5,T,Shooter,14.99
314,Game314,1/5,T,Survival,39.99
315,Game315,5/5,T,Racing,14.99
316,Game316,3/5,E,Adventure,24.99
317,Game317,2/5,M,Adventure,14.99
318,Game318,3/5,T,Shooter,29.99
319,Game319,5/5,E,Survival,14.99
320,Game320,1/5,E,Survival,24.99
321,Game321,3/5,E,Action,39.99
322,Game322,4/5,M,Racing,14.99
323,Game323,5/5,T,Fighting,39.99
324,Game324,1/5,T,Action,24.99
325,Game325,3/5,E,Strategy,19.99
326,Game326,1/5,T,Fighting,59.99
327,Game327,1/5,E10+,Shooter,39.99
328,Game328,1/5,M,Fighting,59.99
329,Game329,3/5,M,Fighting,59.99
330,Game330,1/5,E,RPG,59.99
331,Game331,1/5,E10+,Action,69.99
332,Game332,4/5,E,Sports,69.99
333,Game333,1/5,RP,Racing,59.99
334,Game334,1/5,T,Racing,24.99
335,Game335,5/5,E,Shooter,24.99
336,Game336,5/5,E10+,Racing,29.99
337,Game337,1/5,E,Shooter,59.99
338,Game338,4/5,T,Survival,29.99
339,Game339,3/5,T,Adventure,59.99
340,Game340,5/5,T,Survival,19.99
341,Game341,3/5,E10+,RPG,14.99
342,Game342,5/5,T,Shooter,24.99
343,Game343,2/5,M,Survival,14.99
344,Game344,2/5,M,Survival,14.99
345,Game345,1/5,M,Shooter,59.99
346,Game346,3/5,RP,Action,39.99
347,Game347,1/5,E,Sports,14.99
348,Game348,3/5,M,Sports,59.99
349,Game349,4/5,M,Sports,24.99
350,Game350,4/5,E10+,Adventure,29.99
351,Game351,3/5,E10+,Adventure,14.99
352,Game352,5/5,E10+,Shooter,39.99
353,Game353,3/5,E10+,Survival,69.99
354,Game354,1/5,T,Survival,24.99
355,Game355,3/5,T,Shooter,59.99
356,Game356,1/5,M,RPG,39.99
357,Game357,2/5,RP,RPG,19.99
358,Game358,3/5,E10+,Racing,14.99
359,Game359,2/5,M,Action,39.99
360,Game360,1/5,E,Sports,39.99
361,Game361,4/5,T,Action,19.99
362,Game362,2/5,RP,Racing,19.99
363,Game363,5/5,M,Racing,14.99
364,Game364,2/5,RP,Strategy,24.99
365,Game365,5/5,E10+,Shooter,69.99
366,Game366,2/5,T,Fighting,24.99
367,Game367,3/5,E,Sports,14.99
368,Game368,3/5,T,Survival,19.99
369,Game369,5/5,T,Racing,59.99
370,Game370,5/5,RP,Shooter,59.99
371,Game371,5/5,E10+,Sports,14.99
372,Game372,4/5,M,Sports,69.99
373,Game373,5/5,M,Racing,24.99
374,Game374,5/5,M,Fighting,24.99
375,Game375,2/5,E10+,RPG,24.99
376,Game376,2/5,E10+,Fighting,39.99
377,Game377,5/5,E10+,Fighting,24.99
378,Game378,2/5,E10+,Shooter,59.99
379,Game379,2/5,E10+,Strategy,59.99
380,Game380,1/5,M,Action,24.99
381,Game381,2/5,RP,Adventure,69.99
382,Game382,3/5,M,Shooter,59.99
383,Game383,1/5,E10+,Sports,24.99
384,Game384,2/5,M,RPG,29.99
385,Game385,1/5,RP,Strategy,14.99
386,Game386,2/5,RP,Adventure,59.99
387,Game387,1/5,E10+,Action,24.99
388,Game388,1/5,T,Sports,29.99
389,Game389,5/5,E10+,Survival,19.99
390,Game390,3/5,RP,Sports,59.99
391,Game391,5/5,RP,Strategy,69.99
392,Game392,5/5,E,Racing,29.99
393,Game393,4/5,RP,Survival,59.99
394,Game394,3/5,E10+,RPG,69.99
395,Game395,1/5,E,Strategy,69.99
396,Game396,3/5,T,Strategy,19.99
397,Game397,1/5,E10+,Action,69.99
398,Game398,3/5,RP,Fighting,59.99
399,Game399,3/5,E10+,Shooter,19.99
400,Game400,1/5,T,Survival,24.99
401,Game401,2/5,T,Survival,39.99
402,Game402,5/5,RP,RPG,29.99
403,Game403,3/5,E10+,Racing,14.99
404,Game404,4/5,RP,Strategy,39.99
405,Game405,4/5,M,Adventure,39.99
406,Game406,4/5,E10+,Action,39.99
407,Game407,5/5,E10+,Action,29.99
408,Game408,2/5,M,Survival,14.99
409,Game409,1/5,E10+,Shooter,19.99
410,Game410,4/5,T,Strategy,29.99
411,Game411,5/5,E10+,Survival,24.99
412,Game412,2/5,T,RPG,69.99
413,Game413,2/5,E,RPG,39.99
414,Game414,3/5,E10+,Sports,19.99
415,Game415,3/5,E10+,Survival,39.99
416,Game416,3/5,E,Strategy,39.99
417,Game417,3/5,M,Racing,24.99
418,Game418,4/5,E10+,Fighting,69.99
419,Game419,3/5,T,Sports,14.99
420,Game420,1/5,M,Fighting,19.99
421,Game421,1/5,E,Shooter,59.99
422,Game422,1/5,T,Adventure,39.99
423,Game423,4/5,RP,Strategy,24.99
424,Game424,1/5,RP,Survival,39.99
425,Game425,4/5,M,Fighting,59.99
426,Game426,5/5,M,Racing,14.99
427,Game427,4/5,M,Survival,29.99
428,Game428,3/5,T,Survival,59.99
429,Game429,3/5,E10+,RPG,39.99
430,Game430,5/5,RP,Action,39.99
431,Game431,2/5,T,Survival,59.99
432,Game432,5/5,T,RPG,24.99
433,Game433,5/5,E10+,Action,19.99
434,Game434,2/5,E10+,Racing,14.99
435,Game435,2/5,RP,Sports,14.99
436,Game436,3/5,M,Strategy,39.99
437,Game437,2/5,T,Shooter,69.99
438,Game438,5/5,M,RPG,39.99
439,Game439,5/5,M,Shooter,14.99
440,Game440,3/5,E,Shooter,24.99
441,Game441,5/5,RP,Adventure,29.99
442,Game442,1/5,T,Survival,29.99
443,Game443,1/5,T,Shooter,24.99
444,Game444,4/5,E,Sports,69.99
445,Game445,2/5,RP,Racing,59.99
446,Game446,3/5,RP,Fighting,19.99
447,Game447,5/5,T,Action,24.99
448,Game448,2/5,M,Action,69.99
449,Game449,2/5,E,Adventure,14.99
450,Game450,4/5,T,Strategy,69.99
451,Game451,5/5,RP,Racing,24.99
452,Game452,2/5,M,Strategy,29.99
453,Game453,2/5,RP,Adventure,14.99
454,Game454,3/5,E,Adventure,19.99
455,Game455,3/5,T,Strategy,29.99
456,Game456,4/5,E10+,Shooter,24.99
457,Game457,2/5,E,Strategy,69.99
458,Game458,4/5,E10+,Survival,59.99
459,Game459,3/5,M,Adventure,14.99
460,Game460,5/5,T,Fighting,39.99
461,Game461,4/5,M,Action,29.99
462,Game462,2/5,M,Sports,59.99
463,Game463,4/5,E10+,Shooter,24.99
464,Game464,4/5,M,Sports,39.99
465,Game465,3/5,M,Survival,59.99
466,Game466,1/5,RP,RPG,39.99
467,Game467,5/5,T,Sports,69.99
468,Game468,2/5,E,Sports,29.99
469,Game469,3/5,E,Adventure,24.99
470,Game470,5/5,RP,Action,24.99
471,Game471,5/5,E10+,Shooter,69.99
472,Game472,4/5,RP,Action,14.99
473,Game473,2/5,E,Racing,19.99
474,Game474,1/5,T,RPG,19.99
475,Game475,3/5,T,Action,39.99
476,Game476,4/5,E,RPG,29.99
477,Game477,4/5,E,Action,19.99
478,Game478,4/5,E10+,Shooter,29.99
479,Game479,5/5,RP,RPG,69.99
480,Game480,1/5,M,Action,19.99
481,Game481,1/5,RP,Survival,69.99
482,Game482,4/5,E10+,Fighting,39.99
483,Game483,5/5,E10+,Strategy,69.99
484,Game484,1/5,T,Shooter,19.99
485,Game485,4/5,E,Shooter,69.99
486,Game486,5/5,M,Racing,29.99
487,Game487,5/5,RP,RPG,39.99
488,Game488,4/5,E,Adventure,69.99
489,Game489,1/5,E10+,Strategy,39.99
490,Game490,2/5,M,Racing,19.99
491,Game491,3/5,M,Sports,69.99
492,Game492,2/5,RP,Adventure,69.99
493,Game493,3/5,T,Adventure,39.99
494,Game494,2/5,E,Shooter,39.99
495,Game495,3/5,M,Action,39.99
496,Game496,5/5,E10+,Racing,19.99
497,Game497,2/5,RP,Sports,19.99
498,Game498,1/5,E,Action,59.99
499,Game499,1/5,E10+,Survival,29.99
500,Game500,4/5,M,Adventure,14.99
501,Game501,3/5,M,Fighting,19.99
502,Game502,2/5,M,Survival,69.99
503,Game503,5/5,T,Survival,59.99
504,Game504,5/5,M,RPG,39.99
505,Game505,5/5,E10+,Shooter,29.99
506,Game506,1/5,T,Sports,69.99
507,Game507,2/5,E,RPG,24.99
508,Game508,4/5,E,Action,69.99
509,Game509,1/5,E,Racing,39.99
510,Game510,3/5,M,Racing,14.99
511,Game511,4/5,M,Survival,59.99
512,Game512,3/5,E10+,Shooter,14.99
513,Game513,5/5,RP,Fighting,24.99
514,Game514,4/5,RP,Fighting,14.99
515,Game515,4/5,T,RPG,69.99
516,Game516,4/5,E10+,Strategy,69.99
517,Game517,2/5,RP,RPG,24.99
518,Game518,4/5,RP,Adventure,19.99
519,Game519,5/5,RP,RPG,29.99
520,Game520,4/5,M,RPG,59.99
521,Game521,4/5,M,Fighting,14.99
522,Game522,4/5,T,Shooter,69.99
523,Game523,4/5,M,Adventure,39.99
524,Game524,2/5,RP,RPG,19.99
525,Game525,2/5,E,Racing,69.99
526,Game526,1/5,RP,Racing,14.99
527,Game527,1/5,E10+,Action,19.99
528,Game528,4/5,E10+,RPG,24.99
529,Game529,5/5,E,Shooter,39.99
530,Game530,2/5,T,Sports,14.99
531,Game531,5/5,M,Action,29.99
532,Game532,1/5,M,Shooter,39.99
533,Game533,4/5,RP,Action,14.99
534,Game534,3/5,T,Fighting,24.99
535,Game535,4/5,RP,Fighting,14.99
536,Game536,2/5,RP,Survival,19.99
537,Game537,1/5,M,RPG,19.99
538,Game538,1/5,E10+,Fighting,59.99
539,Game539,1/5,RP,Fighting,29.99
540,Game540,5/5,M,Strategy,24.99
541,Game541,3/5,E10+,Strategy,14.99
542,Game542,4/5,T,Strategy,29.99
543,Game543,3/5,RP,Racing,59.99
544,Game544,1/5,M,Action,14.99
545,Game545,1/5,E,Sports,19.99
546,Game546,2/5,E10+,Shooter,14.99
547,Game547,5/5,T,Racing,14.99
548,Game548,1/5,M,Shooter,69.99
549,Game549,4/5,RP,Strategy,59.99
550,Game550,4/5,RP,Shooter,39.99
551,Game551,1/5,RP,Fighting,29.99
552,Game552,4/5,E10+,Adventure,59.99
553,Game553,1/5,T,Action,69.99
554,Game554,1/5,RP,RPG,39.99
555,Game555,2/5,E10+,Strategy,39.99
556,Game556,4/5,RP,Fighting,69.99
557,Game557,1/5,RP,RPG,39.99
558,Game558,4/5,E10+,Adventure,14.99
559,Game559,1/5,E,Action,24.99
560,Game560,1/5,M,Shooter,39.99
561,Game561,2/5,M,Shooter,39.99
562,Game562,4/5,M,Adventure,39.99
563,Game563,5/5,RP,Fighting,24.99
564,Game564,5/5,E10+,Shooter,39.99
565,Game565,2/5,E10+,Survival,24.99
566,Game566,4/5,M,RPG,19.99
567,Game567,4/5,E10+,Strategy,29.99
568,Game568,5/5,M,Racing,24.99
569,Game569,1/5,E,Strategy,24.99
570,Game570,4/5,M,Shooter,69.99
571,Game571,2/5,T,Survival,19.99
572,Game572,5/5,RP,Action,29.99
573,Game573,5/5,E,Action,29.99
574,Game574,2/5,M,Adventure,29.99
575,Game575,5/5,T,Shooter,59.99
576,Game576,3/5,M,RPG,24.99
577,Game577,4/5,M,RPG,19.99
578,Game578,1/5,E,RPG,24.99
579,Game579,4/5,T,Action,19.99
580,Game580,1/5,E10+,Fighting,59.99
581,Game581,4/5,M,Racing,19.99
582,Game582,2/5,T,Strategy,14.99
583,Game583,4/5,E,Fighting,29.99
584,Game584,2/5,M,Strategy,14.99
585,Game585,2/5,M,Sports,39.99
586,Game586,3/5,M,Adventure,29.99
587,Game587,2/5,E,Racing,19.99
588,Game588,5/5,E10+,Sports,24.99
589,Game589,3/5,E10+,Racing,69.99
590,Game590,5/5,T,Survival,24.99
591,Game591,1/5,RP,Adventure,69.99
592,Game592,1/5,M,Survival,69.99
593,Game593,3/5,T,Sports,24.99
594,Game594,1/5,RP,RPG,69.99
595,Game595,4/5,E10+,Shooter,29.99
596,Game596,1/5,M,Strategy,59.99
597,Game597,2/5,E10+,Fighting,19.99
598,Game598,3/5,E,Sports,39.99
599,Game599,5/5,T,Fighting,24.99
600,Game600,5/5,E10+,Fighting,39.99
601,Game601,3/5,E,Shooter,24.99
602,Game602,2/5,E,Sports,59.99
603,Game603,2/5,T,Shooter,14.99
604,Game604,1/5,RP,Fighting,59.99
605,Game605,4/5,M,Racing,24.99
606,Game606,2/5,T,Survival,59.99
607,Game607,3/5,RP,Racing,19.99
608,Game608,5/5,T,Racing,39.99
609,Game609,1/5,E10+,Shooter,39.99
610,Game610,3/5,RP,Racing,39.99
611,Game611,3/5,E10+,Survival,69.99
612,Game612,4/5,E10+,Strategy,39.99
613,Game613,1/5,E10+,Racing,24.99
614,Game614,1/5,RP,Racing,19.99
615,Game615,2/5,RP,Action,39.99
616,Game616,4/5,M,Strategy,19.99
617,Game617,5/5,T,RPG,29.99
618,Game618,4/5,E,RPG,14.99
619,Game619,3/5,T,Shooter,29.99
620,Game620,2/5,T,Strategy,19.99
621,Game621,1/5,E,Action,29.99
622,Game622,1/5,T,Strategy,14.99
623,Game623,5/5,T,Action,19.99
624,Game624,2/5,M,Survival,19.99
625,Game625,3/5,RP,Sports,29.99
626,Game626,3/5,T,Survival,39.99
627,Game627,5/5,RP,Racing,69.99
628,Game628,5/5,RP,Racing,59.99
629,Game629,3/5,M,Action,39.99
630,Game630,5/5,M,Action,29.99
631,Game631,5/5,RP,Survival,14.99
632,Game632,2/5,E10+,Racing,39.99
633,Game633,2/5,T,Adventure,19.99
634,Game634,3/5,RP,Adventure,69.99
635,Game635,5/5,E,Racing,39.99
636,Game636,3/5,E,Survival,19.99
637,Game637,3/5,T,Shooter,14.99
638,Game638,5/5,E,Sports,39.99
639,Game639,4/5,M,Racing,29.99
640,Game640,3/5,M,RPG,59.99
641,Game641,3/5,E,Adventure,59.99
642,Game642,3/5,RP,Sports,69.99
643,Game643,1/5,RP,Survival,24.99
644,Game644,4/5,T,Sports,14.99
645,Game645,2/5,M,Action,19.99
646,Game646,1/5,E,Fighting,29.99
647,Game647,3/5,RP,Sports,69.99
648,Game648,3/5,E10+,Strategy,59.99
649,Game649,3/5,E10+,Shooter,39.99
650,Game650,4/5,E10+,Racing,19.99
651,Game651,2/5,E10+,Action,19.99
652,Game652,5/5,T,Shooter,19.99
653,Game653,1/5,T,Fighting,24.99
654,Game654,5/5,T,Sports,24.99
655,Game655,2/5,E,Survival,14.99
656,Game656,3/5,M,Racing,24.99
657,Game657,1/5,RP,Fighting,29.99
658,Game658,3/5,E,Adventure,59.99
659,Game659,4/5,RP,Adventure,69.99
660,Game660,5/5,E,RPG,69.99
661,Game661,1/5,M,Shooter,19.99
662,Game662,3/5,T,Fighting,29.99
663,Game663,2/5,RP,Action,24.99
664,Game664,3/5,RP,Action,14.99
665,Game665,1/5,M,Sports,14.99
666,Game666,2/5,E,Racing,59.99
667,Game667,5/5,RP,Shooter,24.99
668,Game668,2/5,M,Racing,59.99
669,Game669,1/5,E,Sports,69.99
670,Game670,3/5,E10+,Sports,69.99
671,Game671,4/5,E,Adventure,19.99
672,Game672,5/5,E10+,Survival,39.99
673,Game673,2/5,E10+,Fighting,69.99
674,Game674,3/5,M,Fighting,24.99
675,Game675,5/5,T,Racing,39.99
676,Game676,2/5,E10+,Sports,24.99
677,Game677,3/5,RP,Adventure,29.99
678,Game678,3/5,M,Strategy,29.99
679,Game679,3/5,T,Racing,24.99
680,Game680,3/5,M,Action,39.99
681,Game681,4/5,T,Adventure,39.99
682,Game682,4/5,T,Fighting,24.99
683,Game683,1/5,RP,Strategy,59.99
684,Game684,2/5,RP,Sports,29.99
685,Game685,4/5,T,Survival,14.99
686,Game686,3/5,E10+,Action,14.99
687,Game687,1/5,RP,Sports,69.99
688,Game688,4/5,M,Adventure,59.99
689,Game689,4/5,RP,Sports,14.99
690,Game690,3/5,M,Strategy,59.99
691,Game691,1/5,E,Shooter,29.99
692,Game692,1/5,E,Strategy,59.99
693,Game693,1/5,E10+,Fighting,14.99
694,Game694,3/5,E10+,Survival,19.99
695,Game695,1/5,M,Racing,19.99
696,Game696,1/5,T,Fighting,39.99
697,Game697,1/5,T,Adventure,14.99
698,Game698,3/5,M,Action,59.99
699,Game699,2/5,E10+,Shooter,29.99
700,Game700,2/5,RP,Sports,14.99
701,Game701,5/5,T,Fighting,14.99
702,Game702,2/5,E10+,Strategy,59.99
703,Game703,1/5,RP,Racing,29.99
704,Game704,2/5,RP,Sports,59.99
705,Game705,2/5,E10+,RPG,69.99
706,Game706,3/5,RP,Strategy,19.99
707,Game707,3/5,M,Fighting,39.99
708,Game708,1/5,T,Racing,14.99
709,Game709,4/5,E10+,Fighting,19.99
710,Game710,5/5,E,Survival,29.99
711,Game711,2/5,RP,Adventure,69.99
712,Game712,5/5,T,Adventure,29.99
713,Game713,3/5,E10+,Sports,39.99
714,Game714,3/5,T,Sports,39.99
715,Game715,2/5,E10+,Action,59.99
716,Game716,3/5,T,Fighting,39.99
717,Game717,3/5,T,Survival,19.99
718,Game718,3/5,E,Racing,69.99
719,Game719,1/5,RP,RPG,39.99
720,Game720,5/5,RP,Sports,39.99
721,Game721,1/5,RP,Adventure,29.99
722,Game722,4/5,RP,Strategy,19.99
723,Game723,5/5,T,Action,59.99
724,Game724,3/5,RP,Shooter,24.99
725,Game725,3/5,RP,Shooter,14.99
726,Game726,3/5,E,Strategy,59.99
727,Game727,4/5,T,Survival,59.99
728,Game728,3/5,M,Strategy,59.99
729,Game729,1/5,E,Action,24.99
730,Game730,3/5,RP,Shooter,39.99
731,Game731,5/5,M,Racing,59.99
732,Game732,3/5,E10+,Action,69.99
733,Game733,2/5,E,Adventure,69.99
734,Game734,5/5,E,Adventure,59.99
735,Game735,2/5,E,Shooter,69.99
736,Game736,3/5,E10+,Adventure,29.99
737,Game737,5/5,RP,RPG,29.99
738,Game738,3/5,E10+,Shooter,39.99
739,Game739,5/5,E10+,Action,19.99
740,Game740,3/5,E10+,Shooter,19.99
741,Game741,2/5,T,Strategy,19.99
742,Game742,5/5,RP,Action,39.99
743,Game743,4/5,M,Fighting,29.99
744,Game744,3/5,T,RPG,69.99
745,Game745,5/5,E10+,Strategy,19.99
746,Game746,5/5,RP,RPG,29.99
747,Game747,2/5,M,Adventure,24.99
748,Game748,2/5,M,Racing,59.99
749,Game749,5/5,RP,Action,29.99
750,Game750,1/5,E,Shooter,19.99
751,Game751,5/5,M,RPG,59.99
752,Game752,4/5,RP,Action,29.99
753,Game753,1/5,T,Action,24.99
754,Game754,4/5,RP,Strategy,29.99
755,Game755,1/5,RP,Survival,59.99
756,Game756,4/5,RP,Sports,59.99
757,Game757,3/5,E,Survival,39.99
758,Game758,4/5,M,Shooter,39.99
759,Game759,2/5,RP,Strategy,14.99
760,Game760,1/5,T,Adventure,29.99
761,Game761,3/5,M,Strategy,29.99
762,Game762,5/5,M,Sports,19.99
763,Game763,4/5,T,Survival,14.99
764,Game764,2/5,RP,Shooter,19.99
765,Game765,5/5,E,RPG,29.99
766,Game766,3/5,M,Shooter,39.99
767,Game767,3/5,E10+,Strategy,39.99
768,Game768,5/5,E,Shooter,59.99
769,Game769,3/5,E10+,Fighting,24.99
770,Game770,4/5,M,Racing,59.99
771,Game771,1/5,T,Action,69.99
772,Game772,5/5,E,Action,59.99
773,Game773,1/5,E10+,Adventure,19.99
774,Game774,2/5,M,Sports,69.99
775,Game775,2/5,RP,Action,59.99
776,Game776,5/5,E10+,Racing,29.99
777,Game777,2/5,RP,Racing,24.99
778,Game778,4/5,RP,Racing,39.99
779,Game779,3/5,M,Fighting,29.99
780,Game780,5/5,T,Racing,14.99
781,Game781,5/5,E10+,Action,19.99
782,Game782,4/5,T,Fighting,24.99
783,Game783,2/5,M,Survival,19.99
784,Game784,3/5,RP,Action,14.99
785,Game785,2/5,T,Shooter,29.99
786,Game786,2/5,E10+,Survival,59.99
787,Game787,1/5,M,RPG,29.99
788,Game788,3/5,RP,Sports,24.99
789,Game789,1/5,E,Shooter,69.99
790,Game790,4/5,M,Fighting,59.99
791,Game791,1/5,E,Fighting,14.99
792,Game792,5/5,M,Adventure,59.99
793,Game793,1/5,E10+,RPG,14.99
794,Game794,3/5,T,Action,69.99
795,Game795,5/5,M,Survival,29.99
796,Game796,3/5,M,Action,39.99
797,Game797,4/5,T,Adventure,69.99
798,Game798,4/5,T,Fighting,24.99
799,Game799,3/5,E,Sports,39.99
800,Game800,3/5,M,Racing,59.99
801,Game801,2/5,T,Sports,24.99
802,Game802,2/5,E,Action,19.99
803,Game803,4/5,T,Shooter,39.99
804,Game804,1/5,M,Survival,29.99
805,Game805,1/5,E,Strategy,19.99
806,Game806,5/5,E,Shooter,59.99
807,Game807,3/5,RP,Shooter,14.99
808,Game808,5/5,T,Fighting,69.99
809,Game809,4/5,E10+,RPG,19.99
810,Game810,4/5,E10+,Sports,69.99
811,Game811,2/5,T,Sports,69.99
812,Game812,1/5,E10+,Survival,14.99
813,Game813,4/5,T,Fighting,19.99
814,Game814,1/5,E10+,Survival,14.99
815,Game815,3/5,M,Fighting,59.99
816,Game816,2/5,E,Shooter,19.99
817,Game817,4/5,M,RPG,39.99
818,Game818,5/5,T,Adventure,69.99
819,Game819,1/5,T,Strategy,69.99
820,Game820,1/5,M,Shooter,14.99
821,Game821,3/5,E,Fighting,39.99
822,Game822,5/5,T,Fighting,69.99
823,Game823,5/5,M,Racing,14.99
824,Game824,5/5,E,Strategy,69.99
825,Game825,5/5,E10+,RPG,19.99
826,Game826,4/5,T,Action,69.99
827,Game827,1/5,RP,Adventure,29.99
828,Game828,2/5,E10+,Racing,29.99
829,Game829,5/5,M,RPG,14.99
830,Game830,3/5,T,Sports,59.99
831,Game831,3/5,E,Adventure,19.99
832,Game832,3/5,M,Shooter,14.99
833,Game833,3/5,T,Survival,24.99
834,Game834,1/5,RP,RPG,24.99
835,Game835,1/5,M,Fighting,14.99
836,Game836,4/5,E,Strategy,69.99
837,Game837,5/5,T,Shooter,59.99
838,Game838,4/5,E,Survival,14.99
839,Game839,5/5,E,Strategy,69.99
840,Game840,4/5,RP,Racing,69.99
841,Game841,3/5,M,Adventure,14.99
842,Game842,4/5,RP,Sports,14.99
843,Game843,3/5,M,Shooter,14.99
844,Game844,4/5,E10+,Sports,14.99
845,Game845,5/5,T,Adventure,59.99
846,Game846,4/5,RP,Survival,14.99
847,Game847,1/5,RP,Racing,39.99
848,Game848,5/5,RP,Strategy,39.99
849,Game849,1/5,M,Fighting,24.99
850,Game850,3/5,M,Shooter,29.99
851,Game851,3/5,E10+,RPG,19.99
852,Game852,4/5,M,RPG,39.99
853,Game853,2/5,T,Racing,14.99
854,Game854,4/5,T,Adventure,24.99
855,Game855,1/5,E10+,Fighting,69.99
856,Game856,2/5,M,Shooter,69.99
857,Game857,3/5,E,Adventure,19.99
858,Game858,1/5,RP,Fighting,14.99
859,Game859,3/5,RP,RPG,39.99
860,Game860,5/5,E10+,RPG,14.99
861,Game861,2/5,RP,Fighting,14.99
862,Game862,3/5,M,Survival,39.99
863,Game863,4/5,E,Strategy,14.99
864,Game864,5/5,M,Strategy,19.99
865,Game865,4/5,RP,RPG,29.99
866,Game866,2/5,T,Action,14.99
867,Game867,5/5,T,Fighting,24.99
868,Game868,1/5,E,Action,19.99
869,Game869,3/5,E,Survival,24.99
870,Game870,1/5,M,Action,19.99
871,Game871,1/5,E10+,Racing,69.99
872,Game872,3/5,E,Survival,69.99
873,Game873,4/5,RP,Racing,24.99
874,Game874,1/5,RP,Strategy,14.99
875,Game875,2/5,E10+,Action,24.99
876,Game876,5/5,E,Racing,69.99
877,Game877,3/5,M,Sports,19.99
878,Game878,5/5,T,RPG,24.99
879,Game879,5/5,RP,Sports,24.99
880,Game880,3/5,E,Survival,19.99
881,Game881,5/5,RP,Racing,39.99
882,Game882,1/5,M,Action,24.99
883,Game883,2/5,RP,Adventure,59.99
884,Game884,4/5,M,Strategy,39.99
885,Game885,4/5,E,RPG,24.99
886,Game886,3/5,M,RPG,29.99
887,Game887,5/5,T,Racing,19.99
888,Game888,2/5,E,Action,19.99
889,Game889,5/5,E10+,Fighting,59.99
890,Game890,4/5,E,Fighting,59.99
891,Game891,3/5,RP,Adventure,59.99
892,Game892,4/5,E,Shooter,59.99
893,Game893,4/5,T,Racing,19.99
894,Game894,5/5,M,Action,59.99
895,Game895,3/5,T,Strategy,24.99
896,Game896,4/5,M,Strategy,39.99
897,Game897,5/5,E,Racing,29.99
898,Game898,2/5,T,Shooter,69.99
899,Game899,5/5,M,Sports,24.99
900,Game900,3/5,E10+,Strategy,29.99
901,Game901,5/5,E,Adventure,39.99
902,Game902,2/5,M,Shooter,14.99
903,Game903,4/5,RP,Action,24.99
904,Game904,3/5,RP,Fighting,39.99
905,Game905,1/5,M,Survival,59.99
906,Game906,5/5,E,Racing,14.99
907,Game907,3/5,M,Adventure,39.99
908,Game908,5/5,RP,Adventure,19.99
909,Game909,5/5,RP,Sports,39.99
910,Game910,4/5,E10+,Shooter,29.99
911,Game911,3/5,T,RPG,19.99
912,Game912,5/5,E10+,Adventure,19.99
913,Game913,4/5,E10+,RPG,19.99
914,Game914,2/5,M,Survival,19.99
915,Game915,4/5,E10+,Action,19.99
916,Game916,5/5,RP,RPG,29.99
917,Game917,1/5,RP,Fighting,14.99
918,Game918,3/5,RP,Shooter,69.99
919,Game919,1/5,E,Sports,19.99
920,Game920,2/5,RP,Adventure,29.99
921,Game921,2/5,M,Survival,59.99
922,Game922,2/5,E,RPG,29.99
923,Game923,5/5,E10+,Strategy,29.99
924,Game924,3/5,RP,Strategy,69.99
925,Game925,3/5,M,Action,29.99
926,Game926,3/5,M,Shooter,19.99
927,Game927,5/5,E10+,Fighting,24.99
928,Game928,3/5,T,Action,19.99
929,Game929,5/5,M,Racing,24.99
930,Game930,2/5,E10+,Survival,29.99
931,Game931,1/5,E10+,RPG,59.99
932,Game932,4/5,E10+,Sports,14.99
933,Game933,3/5,RP,Fighting,69.99
934,Game934,2/5,M,Survival,29.99
935,Game935,3/5,RP,Racing,14.99
936,Game936,3/5,E10+,Strategy,29.99
937,Game937,4/5,E10+,Adventure,39.99
938,Game938,3/5,RP,Action,19.99
939,Game939,2/5,RP,Action,24.99
940,Game940,1/5,T,Sports,39.99
941,Game941,5/5,M,Action,29.99
942,Game942,3/5,RP,Shooter,59.99
943,Game943,2/5,T,Adventure,14.99
944,Game944,4/5,T,Fighting,59.99
945,Game945,3/5,T,Adventure,19.99
946,Game946,1/5,E10+,Racing,19.99
947,Game947,2/5,T,RPG,59.99
948,Game948,1/5,T,Strategy,39.99
949,Game949,1/5,RP,Racing,24.99
950,Game950,1/5,E,Shooter,29.99
951,Game951,4/5,E,Strategy,39.99
952,Game952,1/5,T,Adventure,14.99
953,Game953,1/5,RP,Strategy,59.99
954,Game954,3/5,M,Action,24.99
955,Game955,1/5,T,Adventure,14.99
956,Game956,2/5,E,Strategy,39.99
957,Game957,2/5,E,Sports,14.99
958,Game958,4/5,RP,Survival,19.99
959,Game959,2/5,RP,Action,39.99
960,Game960,5/5,E,Racing,59.99
961,Game961,5/5,M,Adventure,39.99
962,Game962,2/5,T,Sports,39.99
963,Game963,1/5,RP,Survival,59.99
964,Game964,3/5,RP,Sports,69.99
965,Game965,5/5,T,Survival,24.99
966,Game966,2/5,M,Fighting,24.99
967,Game967,4/5,E,Sports,39.99
968,Game968,2/5,E,Shooter,29.99
969,Game969,3/5,RP,Shooter,14.99
970,Game970,3/5,T,Adventure,24.99
971,Game971,4/5,E,Racing,14.99
972,Game972,3/5,RP,Action,24.99
973,Game973,5/5,M,Fighting,59.99
974,Game974,4/5,RP,Action,19.99
975,Game975,5/5,RP,RPG,69.99
976,Game976,1/5,E10+,Racing,14.99
977,Game977,3/5,RP,Strategy,69.99
978,Game978,1/5,E,RPG,24.99
979,Game979,3/5,E10+,RPG,19.99
980,Game980,1/5,T,Shooter,14.99
981,Game981,3/5,E10+,Survival,14.99
982,Game982,3/5,RP,Shooter,24.99
983,Game983,4/5,T,Fighting,59.99
984,Game984,3/5,M,Shooter,59.99
985,Game985,4/5,E10+,Racing,24.99
986,Game986,4/5,RP,Shooter,19.99
987,Game987,5/5,E10+,RPG,19.99
988,Game988,3/5,E10+,Strategy,14.99
989,Game989,1/5,RP,Adventure,29.99
990,Game990,3/5,M,Action,39.99
991,Game991,5/5,E,Shooter,39.99
992,Game992,5/5,E,Shooter,29.99
993,Game993,4/5,E,Survival,24.99
994,Game994,4/5,E10+,Adventure,14.99
995,Game995,2/5,E,Shooter,19.99
996,Game996,5/5,T,Shooter,69.99
997,Game997,2/5,E10+,Fighting,29.99
998,Game998,5/5,E10+,RPG,59.99
999,Game999,3/5,T,Racing,59.99
